작가명,작가ID,댓글총갯수,댓글총페이지,게시물인덱스,댓글쓴날짜,댓글의idx,작품명,작품회차,댓글자명,댓글,좋아요횟수
퍄퍄,namsa_love,1,1,0.0,2024-03-20 22:08:34,1681618.0,남사친이 좋아진 이유 [개정판],25화,큐큐티,인성이 아주 쓰레기로군,0.0
퍄퍄,namsa_love,1,1,0.0,2023-12-26 01:11:55,1599057.0,"마녀, 30세 (개정판)",1화,봄툰러77a46b,,1.0
박미남,WITCHWITCH_30,1,1,0.0,2024-01-24 22:52:44,1627509.0,사기 결연 신고합니다,9화,ㄲㅏ람,그치 겜창이 사랑에 빠지는 순간은 미친버스를태워주는 빡컨겜존잘을 봤을때지...,39.0
박미남,WITCHWITCH_30,1,1,1.0,2024-01-03 21:30:45,1607228.0,사기 결연 신고합니다,1화,lemonn,"혼자는 어려운 길을 둘이 걷는 것도 나쁘지 않지
형광펜 좍좍치고싶다",35.0
"제락, 탄소금",fraud_,20,11,2.0,2024-01-03 21:21:01,1607224.0,사기 결연 신고합니다,3화,일짱,결♥축♥연,35.0
"제락, 탄소금",fraud_,20,11,3.0,2024-01-05 01:55:17,1608708.0,사기 결연 신고합니다,3화,어묵머묵,애들아~~ 앞으로 잘싸우고 행복해야한다~~~(동물농장톤),30.0
"제락, 탄소금",fraud_,20,11,4.0,2024-01-03 22:39:14,1607530.0,사기 결연 신고합니다,1화,제제,"이거 겜벨 진심이신 분들에게 추천합니다~~!
",28.0
"제락, 탄소금",fraud_,20,11,5.0,2024-01-04 18:44:59,1608204.0,사기 결연 신고합니다,3화,시안,뜬금없이 우결찍게 생김ㅋ ㅋㅋㅋ ㅋㅋㅋ,24.0
"제락, 탄소금",fraud_,20,11,6.0,2024-01-11 00:06:51,1613757.0,사기 결연 신고합니다,7화,샹달프,14페이지 고인물들 팝콘먹으면서 구경하는데 옆에 자흔님 껴있는거 왜케 귀엽...ㅋㅋㅋㅋㅋ 자흔 마스크 썼는데도 넘나 대형멍뭉 재질인것..ㅠ 잘생김이 마스크 뚫고 나옵니다 ㅠㅠㅠ 얼른 얼굴 보고싶다구요 ㅠㅠㅠㅠㅠ,22.0
"제락, 탄소금",fraud_,20,11,7.0,2024-02-28 22:28:34,1664742.0,사기 결연 신고합니다,14화,먼시,승급하고 잔다 = 내일 아침에 잠을자겠다,18.0
"제락, 탄소금",fraud_,20,11,8.0,2024-01-03 22:13:54,1607383.0,사기 결연 신고합니다,6화,츄잉검,"벌써 다봤다니 
너무 재밌고 원작 느낌 그대로입니다ㅠㅠㅠㅠ ",18.0
"제락, 탄소금",fraud_,20,11,9.0,2024-01-11 02:48:40,1613991.0,사기 결연 신고합니다,7화,시안,"아따 한눈에 알기쉬운 공략 설명 좋습니다 ~^^b
이맛에 웹툰본다~^^",17.0
"제락, 탄소금",fraud_,20,11,10.0,2024-01-04 18:38:29,1608203.0,사기 결연 신고합니다,2화,시안,저런갓겜 한국에는 없는데 작가님이 만들어주셨으면 좋겠습니다,17.0
"제락, 탄소금",fraud_,20,11,11.0,2024-01-31 22:13:35,1632553.0,사기 결연 신고합니다,10화,뇽,"'당황과 쑥스러움이 뒤섞인 자흔의 얼굴이 안타깝게도 가면에 가려져 보이지 않았기 때문에 벌어진 비극이었다.' 🥹🥹

그나저나 사천 장발에 수염 신선st 할아버지 생각하고 읽었는데 정말 약초꾼같이 생기셨네요 ㅋㅋㅋㅌ",16.0
"제락, 탄소금",fraud_,20,11,12.0,2024-03-21 00:35:46,1682223.0,사기 결연 신고합니다,17화,뇽,소설 재탕할 때 이부분이 넘 마음이 쓰렸음... 울 자흔이 사람들이랑 게임하는 거 좋아하는데 의도치 않게 혼자 외로이 쓸쓸하게 다니다가... 츤츤거리면서도 챙길 거 다 챙겨주고 같이 인성질해주는 무진이 만나서 친구도 되고... 인복 0점 자흔 대신에 인복 100점으로 꾹꾹 눌러 채워주는 무진이... 얘네 관계성 넘 좋음🥹🥹,15.0
"제락, 탄소금",fraud_,20,11,13.0,2024-02-07 22:18:03,1639682.0,사기 결연 신고합니다,11화,뇽,천풍을 너무 플레이 해보고 싶은 한 편... 내 실력으론 동장에서 백날 천날 머무르다가 메인퀘스트의 ㅁ도 구경못하고 게임을 접을 것 같다는 객관적인 판단...,15.0
"제락, 탄소금",fraud_,20,11,14.0,2024-01-05 01:05:09,1608656.0,사기 결연 신고합니다,5화,웅앙,아메리카노 얼굴 미친 무슨 일 복지다 복지여~!~!~!~~~,15.0
"제락, 탄소금",fraud_,20,11,15.0,2024-01-03 21:14:26,1607217.0,사기 결연 신고합니다,1화,떡대수한번맛보면,와 여기가 천풍 속이가,15.0
"제락, 탄소금",fraud_,20,11,16.0,2024-02-14 22:21:17,1649830.0,사기 결연 신고합니다,12화,일짱,왜 멈칫하니 자흔아 무진이 정수리가 귀엽더냐,14.0
"제락, 탄소금",fraud_,20,11,17.0,2024-03-13 23:08:44,1676580.0,사기 결연 신고합니다,16화,령,"박목하 귀여워. 
ㅠㅠ목하 현실 모습 넘 조아요 세짓놈아 울 목하 울리면 너 죽고 독자 사는 것이다
글구 맘보님 길 잃었을 때 자흔 친절한 거 느닷없이 치였는데 어디다 신고하나요",13.0
"제락, 탄소금",fraud_,20,11,18.0,2024-02-15 00:57:45,1650300.0,사기 결연 신고합니다,12화,흠,오붓하다... 그래 이러다 사랑이 싹트는거지,13.0
"제락, 탄소금",fraud_,20,11,19.0,2024-01-18 03:58:44,1620413.0,사기 결연 신고합니다,8화,누구임,하 너무 재밌어 목요일마다 갈증나서 미세먼지가.되어버릴 것 같아 미래의 내가 너무 부럽다 질투나 질투나 하 자흔 이자식 까암찍한 새기,12.0
"제락, 탄소금",fraud_,20,11,0.0,2024-03-13 23:07:08,1676577.0,사기 결연 신고합니다,16화,무완,본체로 만나도 결국 게임관련 얘기넼ㅋㅋㅋㅋ자 어디가 현실이지,11.0
"제락, 탄소금",fraud_,20,11,1.0,2024-01-25 02:22:42,1627950.0,사기 결연 신고합니다,9화,령,"이 화 막대사는 겜벨의 전설이다,,,, (내맘대로)
울먹모토 너무 귀여워요 중간에 중꺾마 채팅 치는데 맘보님 칼같이 다음 기믹 설명하는 것도 귀여워요ㅠㅠ 사결은 역시 카니발 학회원 티키타카 보는 맛....",11.0
"제락, 탄소금",fraud_,20,11,2.0,2024-01-24 22:22:50,1627343.0,사기 결연 신고합니다,9화,누구임,와 미친 여기서 사랑에 빠지는거야? 나 진짜 미쳐 당장 소설 읽으러 가.,10.0
"제락, 탄소금",fraud_,20,11,3.0,2024-01-06 16:37:09,1609697.0,사기 결연 신고합니다,6화,닉네임을설정해주세요,하 재밌다… 원작 스토리가 탄탄해서 웹툰으로 완전 찰떡이네요!!! 저는 원작 재탕하러 가겠숩니다~~,10.0
"제락, 탄소금",fraud_,20,11,4.0,2024-01-03 23:46:02,1607688.0,사기 결연 신고합니다,2화,봄툰러513add,"호랑이도 잘생겼네 작가님 퍼리에도 강하시군요ㅋㅋㅋ
이 작품 겜에 진심이라 좋아요!원작도 추천
",10.0
"제락, 탄소금",fraud_,20,11,5.0,2024-01-03 21:22:10,1607226.0,사기 결연 신고합니다,3화,70,얘들아~~~~ 결연 축하한다~~~ 오래오래 깨지지 말고 서로 행복해라~~~~,10.0
"제락, 탄소금",fraud_,20,11,6.0,2024-03-13 22:38:48,1676531.0,사기 결연 신고합니다,16화,비엘보는개구리,와아....저렇게 생겼구나.ㅋㅋㅋㅋㅋ 진짜 정반대 이미지네.,9.0
"제락, 탄소금",fraud_,20,11,7.0,2024-02-08 03:07:56,1640061.0,사기 결연 신고합니다,11화,시안,나는 천풍하면 저런거 추리도 못하고 레이드도 못해서 걍 이전챕터 메인스 공략떠서 이제야 밀고 저어기 한구석에서 약초를 캐든 다른 스탯만 주구장창 올리고 있을듯,9.0
"제락, 탄소금",fraud_,20,11,8.0,2024-01-18 00:01:26,1620145.0,사기 결연 신고합니다,8화,령,"소설로 봐도 웹툰으로 봐도 한결같이 귀여운 라탄님과 묻혀가는 묻힘모토
인간 신호등 리무진 개귀여워요 기대하던 장면 중에 하나였어요ㅠㅠ",9.0
"제락, 탄소금",fraud_,20,11,9.0,2024-01-17 22:21:28,1619891.0,사기 결연 신고합니다,8화,무완,아 라탄 초행 플레이 내모습같다..그래도 여긴 파티원들이 다 친절해서 부럽네ㅠ자흔 가면 부수기 찬성합니다,9.0
"제락, 탄소금",fraud_,20,11,10.0,2024-01-07 00:45:56,1609939.0,사기 결연 신고합니다,4화,ㅇㅇㄹㅁㅁ,리무진 본모습이랑 캐릭터랕 다른거 너무 좋음....,9.0
"제락, 탄소금",fraud_,20,11,11.0,2024-01-07 00:41:34,1609932.0,사기 결연 신고합니다,3화,ㅇㅇㄹㅁㅁ,"호랑이가 주례였넼ㅋㅋㅋㅋㅋㅋ
결연축하합니다 행복하세요♡",9.0
"제락, 탄소금",fraud_,20,11,12.0,2024-01-04 01:25:11,1607833.0,사기 결연 신고합니다,1화,흠,겜벨 좋아하고 동양풍 좋아하면 제발 읽으세요 살아숨쉬는 천풍 작화 최고네요ㅠㅠ!!,9.0
"제락, 탄소금",fraud_,20,11,13.0,2024-03-21 05:52:09,1682423.0,사기 결연 신고합니다,17화,무완,선부부 후친구,8.0
"제락, 탄소금",fraud_,20,11,14.0,2024-03-20 23:53:02,1682129.0,사기 결연 신고합니다,17화,령,"초반 볼빵빵 리무진 귀여움 치사량이내요,,,, 
그리고 이번 화 완전 보이즈 러브라서 놀랐는데?! 좋아요 제 원픽 보이즈 러브 신: 안 건드려도 무는 독잇뱀 리무진 커버하는 자흔",8.0
"제락, 탄소금",fraud_,20,11,15.0,2024-03-06 23:23:00,1670247.0,사기 결연 신고합니다,15화,뇽,보통 저렇게 얼굴 감추거나 비밀이 많아 보이는 캐릭터는 의뭉스럽게 느껴져서 좀 꺼림칙한데 자흔은... 얼굴 하나도 안 보이는데 그먼바보댕댕이같아서 넘 좋아,7.0
"제락, 탄소금",fraud_,20,11,16.0,2024-02-21 22:45:38,1658314.0,사기 결연 신고합니다,13화,시안,그치... 도트뎀도 데미지다...,7.0
"제락, 탄소금",fraud_,20,11,17.0,2024-02-15 20:47:55,1651017.0,사기 결연 신고합니다,12화,봄툰러aad8ee,둘이 너무 겜친놈이라 결연했다는 사실까지 가끔 까먹어요 ,7.0
"제락, 탄소금",fraud_,20,11,18.0,2024-01-11 00:04:14,1613753.0,사기 결연 신고합니다,7화,샹달프,와 원작 너무 잘 살렸어요!! 공략법 설명도 넘 귀엽게 표현됐네요 ㅋㅋ 넘 이해잘됨 ㅠㅠ 앞으로 스토리 엄청 방대한데 어떻게 표현하실지 궁금하네요! 꺅 넘 좋음 ㅠㅠ ,7.0
"제락, 탄소금",fraud_,20,11,19.0,2024-01-07 00:50:08,1609943.0,사기 결연 신고합니다,5화,ㅇㅇㄹㅁㅁ,세지..아메... 캐디 미쳤당...... ,7.0
"제락, 탄소금",fraud_,20,11,0.0,2024-01-05 21:40:37,1608973.0,사기 결연 신고합니다,5화,봄툰러63eeaf,와 세지 캐디 머선일이야 천풍에서 살고 싶어요 지금까지 등장한 주요 인물 넷이 다 존잘이야....(자흔은 가면인데도,7.0
"제락, 탄소금",fraud_,20,11,1.0,2024-01-04 01:35:45,1607849.0,사기 결연 신고합니다,3화,흠,사기결연 당했대요~~ㅋㅋㅋㅋ,7.0
"제락, 탄소금",fraud_,20,11,2.0,2024-01-03 21:47:36,1607238.0,사기 결연 신고합니다,6화,70,리무진 다루기의 1인자 자흔...,7.0
"제락, 탄소금",fraud_,20,11,3.0,2024-03-07 10:54:19,1670662.0,사기 결연 신고합니다,15화,령,개빡친 리무진 옆에서 안절부절하는 자흔 < 진짜 너무 귀여워요 바부멀대ㅠ 그리고 웹툰으로 보는 리무진 생각보다 막 살아서 더 웃긴,6.0
"제락, 탄소금",fraud_,20,11,4.0,2024-02-28 23:55:41,1664897.0,사기 결연 신고합니다,14화,령,"아 리무진 특히 피빕 할 때 너무 악당 같아요 ㅋㅋㅋㅋㅋㅋㅋ 그 옆에서 멀대같이 가끔 인성 폭발하는 자흔도 넘 조음,,, 피빕할 때 찐 동료고 악당부부임",6.0
"제락, 탄소금",fraud_,20,11,5.0,2024-01-04 01:57:37,1607877.0,사기 결연 신고합니다,6화,흠,설레는 키차이...,6.0
"제락, 탄소금",fraud_,20,11,6.0,2024-03-27 23:21:37,1687897.0,사기 결연 신고합니다,18화,무완,한자현판과 인테리어ㅋㅋㅋㅋㅋ,5.0
"제락, 탄소금",fraud_,20,11,7.0,2024-03-21 16:21:51,1682697.0,사기 결연 신고합니다,17화,둘이좋은사랑하세용,"자흔이 존나 착하고 사람들 좋아하는데
누가 소문 드릅게냈냐 ㅡ.ㅜ 
무진이랑 부부도하고 친구도하고 다하자 ㅠㅠ 맴찢...",5.0
"제락, 탄소금",fraud_,20,11,8.0,2024-03-21 00:12:44,1682183.0,사기 결연 신고합니다,17화,시안,"자흔이 무진이 개착한데 누가 입털었냐
길드전 키배로뜨면 다이긴다고",5.0
"제락, 탄소금",fraud_,20,11,9.0,2024-02-29 00:18:56,1664921.0,사기 결연 신고합니다,14화,누구임,긴 코트?의 흑발남들아 조심해라...... 그러다 내 눈에 띄어서 다 내 아들되는 거야........ ,5.0
"제락, 탄소금",fraud_,20,11,10.0,2024-02-21 23:31:32,1658420.0,사기 결연 신고합니다,13화,이샤,겜창에게 가장 효과적인 단어 쫄?,5.0
"제락, 탄소금",fraud_,20,11,11.0,2024-01-25 19:11:04,1628349.0,사기 결연 신고합니다,9화,뇽,아 망했네~ 하는 순간 뤼얼하드캐리버스기사님 강림하셔서 모든 것을 해결해주시면 아무래도 후광도 보이고 사랑에도 빠져버리지...,5.0
"제락, 탄소금",fraud_,20,11,12.0,2024-01-25 02:22:30,1627949.0,사기 결연 신고합니다,9화,ㅇㅅㅇ,자흔 겜 ㅈㄴ 잘해서 섹시함,5.0
"제락, 탄소금",fraud_,20,11,13.0,2024-01-04 18:50:25,1608207.0,사기 결연 신고합니다,4화,시안,아 최초 혜택 너무 달달하다,5.0
"제락, 탄소금",fraud_,20,11,14.0,2024-01-03 21:39:31,1607234.0,사기 결연 신고합니다,6화,일짱,유료분까지 후다닥 달렸어요ㅜ//ㅜ 저는 너무 행복합니다 작가님... 애들도 너무 귀엽고 중간중간 게임 설명도 넘 잘해주셔서 좋았어요... 석산화 들고있는 장면에서 덩치차이 나는거 넘 좋네요... 작가님 최고 작가님 짱... ,5.0
"제락, 탄소금",fraud_,20,11,15.0,2024-01-25 00:42:43,1627837.0,사기 결연 신고합니다,9화,봄툰러aad8ee,여기가 사랑에 빠지는 포인트냐고요 ㅋㅋㅋㅋㅋㅋ 그치만 인정할 만한 신컨이었다 ,4.0
"제락, 탄소금",fraud_,20,11,16.0,2024-01-18 00:38:36,1620216.0,사기 결연 신고합니다,8화,샹달프,넘 재밌다 더 주세요 ㅠㅠㅠㅠ,4.0
"제락, 탄소금",fraud_,20,11,17.0,2024-01-11 02:01:46,1613942.0,사기 결연 신고합니다,7화,푸푸,재밌다.......맛있다,4.0
"제락, 탄소금",fraud_,20,11,18.0,2024-01-04 00:05:06,1607725.0,사기 결연 신고합니다,1화,현아,우와 ㅠ 제가 최고로 애정하는 겜벨 사기결연이 웹툰이라니.... 이걸 그림으로 볼 수 있을 줄이야.. 넘넘 기쁘네요 ㅠㅠ 제락 선생님.. 탄소금 센세.. 화이팅...!!!,4.0
"제락, 탄소금",fraud_,20,11,19.0,2024-01-03 21:18:53,1607223.0,사기 결연 신고합니다,2화,70,둘의 티키타카를 보니 가슴이 웅장해진다... 천생연분이구나,4.0
"제락, 탄소금",fraud_,20,11,0.0,2024-03-14 03:12:01,1676753.0,사기 결연 신고합니다,16화,시안,아니 웹툰으로 보니 게임속 리무진이 목하오빠마냥 닮았는데 ㅋㅋㅋㅋ ㅋ,3.0
"제락, 탄소금",fraud_,20,11,1.0,2024-03-14 02:09:14,1676717.0,사기 결연 신고합니다,16화,ㅇㅅㅇ,목하 와방 귀엽다,3.0
"제락, 탄소금",fraud_,20,11,2.0,2024-02-29 02:11:25,1665015.0,사기 결연 신고합니다,14화,뇽,ㅋㅋㅋㅋㅋㅋ 승급 절대 못한다는 플래구 세우지 말라고 바버야,3.0
"제락, 탄소금",fraud_,20,11,3.0,2024-02-28 23:44:35,1664882.0,사기 결연 신고합니다,14화,풀,오늘도 잘생긴 자흔의 눈동자와 그만큼 영롱한 리무진의 인성 ㅋㅋㅋㅋㅋㅠㅠ,3.0
"제락, 탄소금",fraud_,20,11,4.0,2024-02-14 23:04:32,1649970.0,사기 결연 신고합니다,12화,무완,겜존잘들 둘이라 보는 나는 너무 마음이 편하다 둘은 괴롭겠지만ㅋㅋㅋㅋ,3.0
"제락, 탄소금",fraud_,20,11,5.0,2024-01-10 23:16:17,1613608.0,사기 결연 신고합니다,7화,무완,앗 공략에서 특수한조건에 오타들이ㅋㅋㅋ원작 아직 못 보긴 했는데 겜 공략 이렇게 귀엽고 보기 쉽게 알려주시는거 넘좋다,3.0
"제락, 탄소금",fraud_,20,11,6.0,2024-01-03 21:34:42,1607231.0,사기 결연 신고합니다,4화,70,전설의 심마니 노가다의 달인 약초꾼 리무진 폼 미쳤다,3.0
"제락, 탄소금",fraud_,20,11,7.0,2024-03-28 04:21:53,1688267.0,사기 결연 신고합니다,18화,ㅇㅅㅇ,령화  대박 이쁘다,2.0
"제락, 탄소금",fraud_,20,11,8.0,2024-03-14 01:05:25,1676680.0,사기 결연 신고합니다,16화,츄잉검,진이무 잘생겼다♡♡♡,2.0
"제락, 탄소금",fraud_,20,11,9.0,2024-03-07 02:36:52,1670472.0,사기 결연 신고합니다,15화,시안,작가님 직업들 아이콘도 디자인하신걸 보아하니 이거 사기결연 시즌2가 나와야지 시즌2에도 써먹고 그러실텐데 아쉽도다 제가 매일 사결2나오라고 기도할게요,2.0
"제락, 탄소금",fraud_,20,11,10.0,2024-02-29 00:17:39,1664919.0,사기 결연 신고합니다,14화,누구임,하^^^^ 캐들이 다 너무 매력적이고 귀엽고..... 오늘 얼굴은 세계지도가 다 한 거 같은 기분인데 하 흑발흑안 진짜 미쳤냐? 최고야..... 하 근데 자흔...... 오늘 하루종일 맹하게 ?상태인 거 좀 많이 귀엽네......... 하..........한 장르에 아들 둘은 안키우는데 그런 나를 힘들게 해,2.0
"제락, 탄소금",fraud_,20,11,11.0,2024-02-21 23:02:29,1658365.0,사기 결연 신고합니다,13화,무완,도트승ㅋㅋㅋㅋㅋㅋㅋ아 재밌네 소원 뭐 하려나,2.0
"제락, 탄소금",fraud_,20,11,12.0,2024-02-20 23:40:43,1657529.0,사기 결연 신고합니다,12화,령,"여기 원작에서 볼 때는 신혼... 신혼여행이라고 했다... 하면서 일말의 비엘 착즙을 했는데 웹툰으로 보니까 너무 동료애만 느껴져서 웃겨요 천년의 겜친놈 동지들아
그래도... 멈칫하는 데서 비엘 착즙하기로",2.0
"제락, 탄소금",fraud_,20,11,13.0,2024-02-14 22:38:21,1649901.0,사기 결연 신고합니다,12화,비엘보는개구리,또 심쿵한건가? ㅋㅋㅋㅋㅋ,2.0
"제락, 탄소금",fraud_,20,11,14.0,2024-02-08 07:49:24,1640171.0,사기 결연 신고합니다,11화,이샤,하 텔레포트가 아니라 축지 티어가 아니라 오색장 이런 사소한 디테일이 나를 미치게함,2.0
"제락, 탄소금",fraud_,20,11,15.0,2024-02-08 07:45:03,1640168.0,사기 결연 신고합니다,10화,이샤,하 갓겜에 가슴이 웅장해진다,2.0
"제락, 탄소금",fraud_,20,11,16.0,2024-01-25 11:08:52,1628138.0,사기 결연 신고합니다,9화,시안,아 ㅋㅋ ㅋㅋㅋ나같아도 근데 사랑에 빠짐 미치겠다 ,2.0
"제락, 탄소금",fraud_,20,11,17.0,2024-01-25 02:10:45,1627942.0,사기 결연 신고합니다,9화,풀,무진이 막컷 머리카락의 섬세함 ㅠㅠ,2.0
"제락, 탄소금",fraud_,20,11,18.0,2024-01-24 23:27:58,1627639.0,사기 결연 신고합니다,9화,무완,와와 미쳤다 자흔 슈퍼캐리ㅠㅠㅠ 개멋있네,2.0
"제락, 탄소금",fraud_,20,11,19.0,2024-01-24 22:06:28,1627152.0,사기 결연 신고합니다,9화,일짱,"하 우리의 겜창...
사랑에 빠지는 타이밍도 남다르다!!",2.0
"제락, 탄소금",fraud_,20,11,0.0,2024-01-17 22:07:48,1619779.0,사기 결연 신고합니다,8화,수냐,1인1천풍 줘 (제발...),2.0
"제락, 탄소금",fraud_,20,11,1.0,2024-01-17 22:05:39,1619741.0,사기 결연 신고합니다,8화,일짱,천풍 만들어주세요...,2.0
"제락, 탄소금",fraud_,20,11,2.0,2024-01-08 08:43:29,1610711.0,사기 결연 신고합니다,5화,무완,아메리카노 여자였구낰ㅋㅋㅋ겜에서 존잘남캐 만드는거 국룰이지,2.0
"제락, 탄소금",fraud_,20,11,3.0,2024-01-07 13:56:11,1610233.0,사기 결연 신고합니다,6화,밤하,와... 아무리 봐도 소설표지랑 찰떡으로 똑같아서 더 좋아요,2.0
"제락, 탄소금",fraud_,20,11,4.0,2024-01-07 03:09:00,1610054.0,사기 결연 신고합니다,2화,오늘의 맛집,캐디가 원작 표지랑 닮아서 저 가면만 봐도 설렘  ,2.0
"제락, 탄소금",fraud_,20,11,5.0,2024-01-07 00:37:10,1609926.0,사기 결연 신고합니다,2화,ㅇㅇㄹㅁㅁ,작화좋아요 ㅜㅜㅜㅜㅜ웹툰으로 보니 아 이랬구나 하고 이해가 더 잘되네옄ㅋㅋ,2.0
"제락, 탄소금",fraud_,20,11,6.0,2024-01-04 19:08:34,1608211.0,사기 결연 신고합니다,6화,시안,이 도라버린 겜창들 ,2.0
"제락, 탄소금",fraud_,20,11,7.0,2024-01-04 18:56:49,1608208.0,사기 결연 신고합니다,5화,시안,자흣무진 세지아메 파이팅!!!!!!!! 겜창들의 건강한 랜선연애를 응원합니다,2.0
"제락, 탄소금",fraud_,20,11,8.0,2024-01-04 10:50:52,1608058.0,사기 결연 신고합니다,6화,샹달프,진짜 좋아하는 소설인데 웹툰 구현이 너무 잘 된것 같아서 행복합니다 ㅜㅜ 캐디도 넘 예쁘고 유머코드도 넘나 내 취향 ㅠㅠ 앞으로 매주 달려보겠습니다!!! ,2.0
"제락, 탄소금",fraud_,20,11,9.0,2024-01-04 01:35:04,1607847.0,사기 결연 신고합니다,6화,령,내가봤슈 리무진 너무 귀여워요 이게 웹툰의 묘미군요....,2.0
"제락, 탄소금",fraud_,20,11,10.0,2024-01-03 21:10:23,1607212.0,사기 결연 신고합니다,1화,OAO..,왔다 천풍 왔다,2.0
"제락, 탄소금",fraud_,20,11,11.0,2024-03-27 23:32:18,1687928.0,사기 결연 신고합니다,18화,사결에인생베팅,령화언니너무예뻐요,1.0
"제락, 탄소금",fraud_,20,11,12.0,2024-03-27 22:56:12,1687835.0,사기 결연 신고합니다,18화,조슈아,아니 령화 너무 예쁘잖아..!! ,1.0
"제락, 탄소금",fraud_,20,11,13.0,2024-03-27 22:11:34,1687657.0,사기 결연 신고합니다,18화,시안,령화 아갓쉬 생각보다 너무 기야운데???????,1.0
"제락, 탄소금",fraud_,20,11,14.0,2024-03-07 15:24:14,1670784.0,사기 결연 신고합니다,15화,ㅇㅅㅇ,맛있다 담주 전장이라 대박 재밋을듯,1.0
"제락, 탄소금",fraud_,20,11,15.0,2024-03-03 10:19:17,1667495.0,사기 결연 신고합니다,14화,흠,누가 백금장한테 발언권 줬죠~ ㅋㅋㅋㅋ,1.0
"제락, 탄소금",fraud_,20,11,16.0,2024-03-03 09:31:10,1667477.0,사기 결연 신고합니다,14화,시안,"완전 먹으라고 12첩 차려준거아니냐
걍 납치하자...",1.0
"제락, 탄소금",fraud_,20,11,17.0,2024-03-01 11:28:43,1666121.0,사기 결연 신고합니다,14화,ㅇㅇ,무진이 원래 웃수저지만 자기 인성 자각하고 있다는 점이 제일 웃김ㅋㅋㅋㅋ,1.0
"제락, 탄소금",fraud_,20,11,18.0,2024-03-01 04:48:30,1665948.0,사기 결연 신고합니다,14화,ㅇㅅㅇ,승급전이란 팀원에따라 사람인성이 수련회 조교가 되는군,1.0
"제락, 탄소금",fraud_,20,11,19.0,2024-02-26 22:40:15,1663178.0,사기 결연 신고합니다,13화,누구임,하 진짜 자흔 너무 깜찍하다,1.0
"제락, 탄소금",fraud_,20,11,0.0,2024-02-21 22:21:28,1658235.0,사기 결연 신고합니다,13화,뇽,"쫄?

ㅋㅋㅋㅋㅋㅋㅋㅋㅋㅋㅋㅋㅋㅋㅋ",1.0
"제락, 탄소금",fraud_,20,11,1.0,2024-02-08 02:27:46,1640030.0,사기 결연 신고합니다,11화,무완,자흔 너무 든든하다..둘이서 세계정복 쌉가능할 거 같은걸,1.0
"제락, 탄소금",fraud_,20,11,2.0,2024-02-01 14:39:08,1633532.0,사기 결연 신고합니다,10화,ㅇㅇ,리무진 그림으로 봐도 귀엽다ㅋㅋㅋㅋ,1.0
"제락, 탄소금",fraud_,20,11,3.0,2024-01-26 18:11:04,1629400.0,사기 결연 신고합니다,9화,ㅇㅅㅇ,자흔과결혼하고싶음,1.0
"제락, 탄소금",fraud_,20,11,4.0,2024-01-19 01:14:42,1621281.0,사기 결연 신고합니다,8화,70,하... 천풍 개재밌겠다 진짜 부럽다,1.0
"제락, 탄소금",fraud_,20,11,5.0,2024-01-17 01:40:18,1619217.0,사기 결연 신고합니다,3화,뇽,하 진이무 존나 잘생겨써.....🥹,1.0
"제락, 탄소금",fraud_,20,11,6.0,2024-01-15 03:21:52,1617961.0,사기 결연 신고합니다,3화,이기적인녀,"얘네 결연장면은 볼때마다 웃갸 ㅋㅋ
소설로보나 웹툰으로보나
축하한다 애드라 크크크",1.0
"제락, 탄소금",fraud_,20,11,7.0,2024-01-14 09:15:33,1617407.0,사기 결연 신고합니다,2화,이기적인녀,"스디도 귀여워!! 호랑이 npc까지 잘생겼어!!
작가님 만세",1.0
"제락, 탄소금",fraud_,20,11,8.0,2024-01-11 00:52:53,1613840.0,사기 결연 신고합니다,7화,조슈아,이제 곧 시작인가... 겜창이 사랑(?)에 빠지게 되는 순간이...!!,1.0
"제락, 탄소금",fraud_,20,11,9.0,2024-01-11 00:12:44,1613770.0,사기 결연 신고합니다,3화,조슈아,앜ㅋㅋㅋ 이 마지막 장면을 웹툰으로 보게되다니 감☆격,1.0
"제락, 탄소금",fraud_,20,11,10.0,2024-01-09 22:10:13,1611810.0,사기 결연 신고합니다,4화,서린,무진이 두모습다 귀여워 잡생각 많은거봐 ㅋㅋㅋㅋ,1.0
"제락, 탄소금",fraud_,20,11,11.0,2024-01-08 08:21:31,1610706.0,사기 결연 신고합니다,3화,무완,아니 여기서욬ㅋㅋ갑자기욬ㅋㅋㅋㅋㅋ잘 숨기던 닉넴까지 까였네ㅋㅋㅋ 글고 무진 본체 잘생김 캐릭은 참한데 본체는 날티상이었잖아,1.0
"제락, 탄소금",fraud_,20,11,12.0,2024-01-07 02:53:44,1610037.0,사기 결연 신고합니다,1화,오늘의 맛집,ㅁㅊ 사기결연 웹툰화라니 겁나 설렌다 내 인생겜벨 ㅠㅠㅠㅠㅠ 벌써 심장이 남아나질 않는 미래가 보여요,1.0
"제락, 탄소금",fraud_,20,11,13.0,2024-03-29 14:38:04,1689562.0,사기 결연 신고합니다,18화,령,"어떻게 무림을 피로 물들인 혈교의 윗사람이 되려 하는가 > 미모로
자흔 진실의 주둥이x2 콤보 원작 볼 때도 웃겼는데 저 콩눈표정이 진짜 웃김",0.0
"제락, 탄소금",fraud_,20,11,14.0,2024-03-29 10:40:47,1689509.0,사기 결연 신고합니다,18화,허니칩,드디어 본격적인 퀘스트 시작!!! ㅋㅋㅋ,0.0
"제락, 탄소금",fraud_,20,11,15.0,2024-03-28 17:38:25,1688713.0,사기 결연 신고합니다,18화,봄툰러aad8ee,올라가는 계단으로 공간 배치되는 연출 좋아요 ㅠㅠ 작가님이 세계관 꾹꾹 눌러담아 주셔서 넘 즐겁게 보고 있어요 ㅠㅜ,0.0
"제락, 탄소금",fraud_,20,11,16.0,2024-03-26 02:21:38,1686036.0,사기 결연 신고합니다,8화,최고,근데 컴터로 하는 rpg게임 캐릭터들 표정이 바로바로 바뀌던가...? 원래 한 표정아님..?,0.0
"제락, 탄소금",fraud_,20,11,17.0,2024-03-26 01:22:42,1685994.0,사기 결연 신고합니다,6화,최고,야발 개망겜,0.0
"제락, 탄소금",fraud_,20,11,18.0,2024-03-26 01:16:27,1685988.0,사기 결연 신고합니다,5화,최고,"랭커가 이렇게 무섭습니다 여러분.
ㅡ라지만 것도 옛말이고 지금 겜들은 걍 쩐의 전쟁임^^
걍 더럽다고요.",0.0
"제락, 탄소금",fraud_,20,11,19.0,2024-03-26 01:01:23,1685972.0,사기 결연 신고합니다,3화,최고,비지니스 파트너랑 개노가다 했더니 결혼까지 골인한 건에 대하여,0.0
"제락, 탄소금",fraud_,20,11,0.0,2024-03-24 19:18:43,1684954.0,사기 결연 신고합니다,17화,ㅇㅇ,무진이 틈만 나면 킬각 재는거ㅋㅋㅋㅋ 그림으로 보니 우리 자흔이 왤케...개같냐... 아니 진짜 시무룩한 개 같아요,0.0
"제락, 탄소금",fraud_,20,11,1.0,2024-03-24 06:38:59,1684703.0,사기 결연 신고합니다,17화,봄툰러aad8ee,49페이지 눈 밖에 안 보이는데도 감정이 읽혀서 좋았어요 섬세한 연출... ㅜㅜ,0.0
"제락, 탄소금",fraud_,20,11,2.0,2024-03-17 23:22:12,1679555.0,사기 결연 신고합니다,16화,강수확률,리무진 왤케 잘생겼냐ㅋㅋ져아,0.0
"제락, 탄소금",fraud_,20,11,3.0,2024-03-14 20:02:08,1676983.0,사기 결연 신고합니다,16화,오늘도좋은하루,하 소설보러가야겠다... ,0.0
"제락, 탄소금",fraud_,20,11,4.0,2024-03-14 14:59:28,1676895.0,사기 결연 신고합니다,3화,화사,아니 진짜 사기 결연이야 ㅌㅋㅋㅋㅋㅋㅋ큐ㅠㅠㅠㅠ,0.0
"제락, 탄소금",fraud_,20,11,5.0,2024-03-11 16:28:39,1674915.0,사기 결연 신고합니다,15화,ㅇㅇ,이부분 소설 봤을때도 웃겼는데 땡깡부리는 무진이와 말려드는 자흔 너무 귀여워요ㅋㅋㅋㅋ,0.0
"제락, 탄소금",fraud_,20,11,6.0,2024-03-07 22:28:55,1671238.0,사기 결연 신고합니다,15화,꿈빛 별,,0.0
"제락, 탄소금",fraud_,20,11,7.0,2024-03-07 09:37:17,1670630.0,사기 결연 신고합니다,6화,강수확률,그걸 왜 유저한테 물어보는데ㅋㅋㅋㅋㅋ,0.0
"제락, 탄소금",fraud_,20,11,8.0,2024-03-06 22:38:32,1670148.0,사기 결연 신고합니다,15화,이샤,마싯따...,0.0
"제락, 탄소금",fraud_,20,11,9.0,2024-02-29 21:07:53,1665347.0,사기 결연 신고합니다,7화,풀,카니발 캐디 진짜 짱...,0.0
"제락, 탄소금",fraud_,20,11,10.0,2024-02-28 23:50:26,1664891.0,사기 결연 신고합니다,9화,풀,진짜 우연 공략편만 오천번 돌려보고 있는듯... 카니발 캐디 다 너무 좋아요ㅠㅠㅠㅠ,0.0
"제락, 탄소금",fraud_,20,11,11.0,2024-02-22 21:37:39,1659217.0,사기 결연 신고합니다,13화,봄툰러aad8ee,이게 벨인지 게임일지인지 ㅋㅋㅋㅋㅋ 재밌어요 ,0.0
"제락, 탄소금",fraud_,20,11,12.0,2024-02-22 12:06:25,1658917.0,사기 결연 신고합니다,13화,츄잉검,너무 재밌어요,0.0
"제락, 탄소금",fraud_,20,11,13.0,2024-02-21 22:08:12,1658147.0,사기 결연 신고합니다,13화,사결에인생베팅,감사합니다,0.0
"제락, 탄소금",fraud_,20,11,14.0,2024-02-16 04:40:31,1652045.0,사기 결연 신고합니다,12화,시안,게임이나 과제나 팀빨이 .... 쟤들은 듀오라도 하지 나는...우리는.... 겜친롬들끼리 잘만났다,0.0
"제락, 탄소금",fraud_,20,11,15.0,2024-02-15 19:38:17,1650984.0,사기 결연 신고합니다,9화,봄툰러8c1f44,아 맞지ㅜㅜㅜ 저건 사랑이지 ,0.0
"제락, 탄소금",fraud_,20,11,16.0,2024-02-15 15:17:14,1650849.0,사기 결연 신고합니다,,오동나무,靠，吃么好啊！这画风,0.0
"제락, 탄소금",fraud_,20,11,17.0,2024-02-08 05:19:26,1640124.0,사기 결연 신고합니다,11화,ㅇㅅㅇ,천풍 출시되면 랭커깨는거 구경하고 채집이나 하다가 뒷북으로 멘스밀듯 이것도 쓰리디멀미없다는 가정하임,0.0
"제락, 탄소금",fraud_,20,11,18.0,2024-02-08 00:50:56,1639929.0,사기 결연 신고합니다,10화,흠,대서사의 시작이다…,0.0
"제락, 탄소금",fraud_,20,11,19.0,2024-02-08 00:43:58,1639915.0,사기 결연 신고합니다,9화,흠,먼저 죽어서 흑백인채로 누워서 구경하는 연출 맘에드네요ㅋㅋㅋ 어쩐지 매우 공감되는 장면,0.0
"제락, 탄소금",fraud_,20,11,0.0,2024-02-07 22:15:18,1639669.0,사기 결연 신고합니다,11화,미치겠네미치겠어,,0.0
"제락, 탄소금",fraud_,20,11,1.0,2024-02-04 01:56:41,1635968.0,사기 결연 신고합니다,10화,70,갓겜 스토리 시작 ㄷㄷ,0.0
"제락, 탄소금",fraud_,20,11,2.0,2024-02-03 23:47:33,1635841.0,사기 결연 신고합니다,9화,웅앙,진짜 본투비 씹겜창,0.0
"제락, 탄소금",fraud_,20,11,3.0,2024-02-02 00:09:16,1634110.0,사기 결연 신고합니다,10화,령,"셀프 대견해하는 리무진 생각보다 더 웃김ㅠㅠㅋㅋㅋㅋ
사천 꼰대 넘 잘생겼어요 노년 취향의 눈에 들어오다",0.0
"제락, 탄소금",fraud_,20,11,4.0,2024-02-01 06:20:04,1633369.0,사기 결연 신고합니다,10화,무완,너무 재밌어요ㅠㅠㅠ매 화 흥미진진,0.0
"제락, 탄소금",fraud_,20,11,5.0,2024-02-01 02:56:56,1633277.0,사기 결연 신고합니다,10화,-,원작 읽을때도 재밌게 봤는데 그림체도 깔끔하고 내용흐름도 좋고 재밌다 ,0.0
"제락, 탄소금",fraud_,20,11,6.0,2024-02-01 02:31:30,1633248.0,사기 결연 신고합니다,10화,ㅇㅅㅇ,사천 생각보다 건장하게 생김,0.0
"제락, 탄소금",fraud_,20,11,7.0,2024-02-01 02:12:08,1633235.0,사기 결연 신고합니다,10화,시안,"잘한 내 자신 짜릿하다
나같아도 짜릿해서 잠이 안와
랭킹 1등 각나와서 더 짜릿하네",0.0
"제락, 탄소금",fraud_,20,11,8.0,2024-02-01 01:10:43,1633177.0,사기 결연 신고합니다,10화,누구임,ㅁㅊ 자흔 홍조ㄹ를 내눈으로 보ㄹ보보봅 볼 깨물어 먹어,0.0
"제락, 탄소금",fraud_,20,11,9.0,2024-01-31 23:06:32,1632898.0,사기 결연 신고합니다,10화,봄툰러83e59e,리무진 ㄱㅇㅇ,0.0
"제락, 탄소금",fraud_,20,11,10.0,2024-01-31 22:58:32,1632871.0,사기 결연 신고합니다,10화,비엘보는개구리,자흔 커엽 ,0.0
"제락, 탄소금",fraud_,20,11,11.0,2024-01-31 22:06:11,1632463.0,사기 결연 신고합니다,10화,일짱,악ㅋㅋㅋㅋ 가면 사이로 보이는 홍조!!!,0.0
"제락, 탄소금",fraud_,20,11,12.0,2024-01-27 00:05:06,1629722.0,사기 결연 신고합니다,9화,침좀닦고,저정도 실력이면 반해줘야지,0.0
"제락, 탄소금",fraud_,20,11,13.0,2024-01-26 11:13:26,1629256.0,사기 결연 신고합니다,9화,토브다다,아- 여름이였다,0.0
"제락, 탄소금",fraud_,20,11,14.0,2024-01-24 22:21:46,1627330.0,사기 결연 신고합니다,9화,미치겠네미치겠어,,0.0
"제락, 탄소금",fraud_,20,11,15.0,2024-01-24 15:03:56,1626966.0,사기 결연 신고합니다,1화,봄툰러1714fd,오라 달콤한 천풍이여,0.0
"제락, 탄소금",fraud_,20,11,16.0,2024-01-23 03:05:53,1626012.0,사기 결연 신고합니다,8화,시안,"아 겜 개재밌겠는데 내가 저게임하면 백퍼 라탄롤임
덧셈뺄셈 흑백 구분 못하는 머저리가 저에요 네네... 스토리 메인퀘 몰라요 이것만 하고있어요 네네.... 죄송합니다봇으로 취직한다",0.0
"제락, 탄소금",fraud_,20,11,17.0,2024-01-19 21:18:09,1622311.0,사기 결연 신고합니다,8화,뇽,하 지쫘 웹툰 너무 쫄깃해서 오랜만에 소설 정주행하고 오겠습니다,0.0
"제락, 탄소금",fraud_,20,11,18.0,2024-01-19 04:50:24,1621374.0,사기 결연 신고합니다,8화,ㅇㅅㅇ,천풍이 필요함,0.0
"제락, 탄소금",fraud_,20,11,19.0,2024-01-17 18:30:23,1619552.0,사기 결연 신고합니다,7화,누구임,사실 게임 전혀 안하는 사람이라 살명봐도 모르겠는데 그래도 친잘한 설명덕분에 얼추 이해가 되네요 하 그래도 겜비엘 좋아 너무 잘생겼다 너무 재밌고 너무 가대되고 둘이 어떻게 사랑할지 너무 기대돼 사랑해 내 수요일 10시 가보자고,0.0
"제락, 탄소금",fraud_,20,11,0.0,2024-01-17 14:29:06,1619488.0,사기 결연 신고합니다,1화,피치처츠,천풍이 2d로... 감격이다 진짜 ,0.0
"제락, 탄소금",fraud_,20,11,1.0,2024-01-17 00:54:04,1619182.0,사기 결연 신고합니다,1화,뇽,내 인생 최고의 겜벨... 이 작품의 유일한 단점은 아직도 대한민국엔 천풍같은 게임이 출시 되지 않았다는 것입니다...,0.0
"제락, 탄소금",fraud_,20,11,2.0,2024-01-15 03:39:29,1617967.0,사기 결연 신고합니다,7화,이기적인녀,"웹작님 연출 넘 좋아요
보기쉽고 알기쉽고 잘생기고",0.0
"제락, 탄소금",fraud_,20,11,3.0,2024-01-14 09:10:55,1617405.0,사기 결연 신고합니다,1화,이기적인녀,왐맘마!! 너무 좋아하는 소설인데 웹툰 작가님 제대로 잘만난거 같아서 넘 좋습니다❤❤ 작화랑 연출이 그저 성은이 만극해지네요.,0.0
"제락, 탄소금",fraud_,20,11,4.0,2024-01-13 02:14:38,1616566.0,사기 결연 신고합니다,7화,이건말도않되,와 표현 미쳤다,0.0
"제락, 탄소금",fraud_,20,11,5.0,2024-01-11 18:53:59,1614829.0,사기 결연 신고합니다,,JAEDo,하.. 제가 젤 좋아하는 겜벨이 웹툰으로 나왔다구요🩷,0.0
"제락, 탄소금",fraud_,20,11,6.0,2024-01-11 15:42:58,1614683.0,사기 결연 신고합니다,7화,70,공략 즐겁다.. 천풍 이집 잘하네요.. ,0.0
"제락, 탄소금",fraud_,20,11,7.0,2024-01-11 13:28:01,1614535.0,사기 결연 신고합니다,1화,ㅇㅇ,"여기서 작가님한테 절 해도 안 보이겠죠
제 인생 벨이...",0.0
"제락, 탄소금",fraud_,20,11,8.0,2024-01-11 03:00:08,1614003.0,사기 결연 신고합니다,5화,ㅇㅅㅇ,세지캐디미쳣다,0.0
"제락, 탄소금",fraud_,20,11,9.0,2024-01-11 02:45:09,1613989.0,사기 결연 신고합니다,1화,ㅇㅅㅇ,사기결연 겜벨 좋아하면 꼭 봐야함,0.0
"제락, 탄소금",fraud_,20,11,10.0,2024-01-11 02:28:02,1613974.0,사기 결연 신고합니다,1화,고래밥,와 이게 웹툰이나왔네....?,0.0
"제락, 탄소금",fraud_,20,11,11.0,2024-01-11 01:47:22,1613927.0,사기 결연 신고합니다,1화,유선화,"와 이게 웹툰으로 나오넹!!! 넘 재미있게 봐서 연재할때랑 단행본도 다 샀는데!
너무 신난다!!!!!! 재밌게 볼께요~~ 감사해여~~~",0.0
"제락, 탄소금",fraud_,20,11,12.0,2024-01-10 23:00:59,1613560.0,사기 결연 신고합니다,7화,미치겠네미치겠어,하나도 못 알아듣겠는데 왜 재미있지?!?!?! ,0.0
"제락, 탄소금",fraud_,20,11,13.0,2024-01-10 22:56:27,1613538.0,사기 결연 신고합니다,7화,왞,중간에 오타났어요...!! 열결*> 연결,0.0
"제락, 탄소금",fraud_,20,11,14.0,2024-01-10 22:48:43,1613505.0,사기 결연 신고합니다,7화,침좀닦고,,0.0
"제락, 탄소금",fraud_,20,11,15.0,2024-01-10 22:29:25,1613393.0,사기 결연 신고합니다,7화,떡대수한번맛보면,"분량 각색 캐디 연출
진짜 너무 갓벽....",0.0
"제락, 탄소금",fraud_,20,11,16.0,2024-01-10 22:08:23,1613136.0,사기 결연 신고합니다,7화,일짱,"카니발 진짜 사이 좋아보이는데 저도 끼워주세요ㅋㅋㅋㅋㅋ
맘보님 여캐일거라는 생각을 한번도 못해봤는데 완전 의외!!!!",0.0
"제락, 탄소금",fraud_,20,11,17.0,2024-01-08 08:34:50,1610708.0,사기 결연 신고합니다,4화,무완,무진이 멋있네,0.0
"제락, 탄소금",fraud_,20,11,18.0,2024-01-07 00:54:26,1609948.0,사기 결연 신고합니다,6화,ㅇㅇㄹㅁㅁ,넘 재밌어요...,0.0
"제락, 탄소금",fraud_,20,11,19.0,2024-01-07 00:33:13,1609922.0,사기 결연 신고합니다,1화,ㅇㅇㄹㅁㅁ,아니..사기결연이...웹툰!!!! 나 왜 몰랐지 ㅜㅜㅜㅜㅜㅜㅜㅜㅜㅜㅜ,0.0
"제락, 탄소금",fraud_,20,11,0.0,2024-01-06 23:03:14,1609885.0,사기 결연 신고합니다,6화,침좀닦고,더주세요,0.0
"제락, 탄소금",fraud_,20,11,1.0,2024-01-06 17:01:43,1609705.0,사기 결연 신고합니다,1화,호홓,"아니 이게 웹툰이라니!!!!
아니 나는 너무 좋은데 이게 되다니 ....
여러분 이 작품은 게임판소라 생각하고 보셔야 합니다!!!",0.0
"제락, 탄소금",fraud_,20,11,2.0,2024-01-06 13:20:56,1609623.0,사기 결연 신고합니다,3화,아리샤,이야~축하합니다(풋),0.0
"제락, 탄소금",fraud_,20,11,3.0,2024-01-06 12:08:01,1609600.0,사기 결연 신고합니다,1화,왕가남,ㅁㅊ사결연~~~~~~~~~~~~~~,0.0
"제락, 탄소금",fraud_,20,11,4.0,2024-01-06 02:01:56,1609406.0,사기 결연 신고합니다,6화,-,하 ...웹툰도 재밋다...소설판 다시 읽어야겟다,0.0
"제락, 탄소금",fraud_,20,11,5.0,2024-01-06 01:39:57,1609393.0,사기 결연 신고합니다,1화,-,소가 잘 생겨서 인지부조화 오는중 ㅋㅋㅋㅋ,0.0
"제락, 탄소금",fraud_,20,11,6.0,2024-01-05 23:17:11,1609247.0,사기 결연 신고합니다,1화,티끌모아파산,축장군 NPC 주제에 왜 잘생긴거임 ㅋㅋㅋㅋㅋㅋ,0.0
"제락, 탄소금",fraud_,20,11,7.0,2024-01-05 12:57:34,1608839.0,사기 결연 신고합니다,,뿡,와ㅠㅠㅠㅠ 이게.. 웹툰으로...?! 당장 봐,0.0
"제락, 탄소금",fraud_,20,11,8.0,2024-01-05 11:54:56,1608826.0,사기 결연 신고합니다,3화,봄툰러5d7692,세기의 커플 겨론을 추카드립니다,0.0
"제락, 탄소금",fraud_,20,11,9.0,2024-01-05 03:35:51,1608752.0,사기 결연 신고합니다,1화,봄툰러21b428,아니 사결이라니 제목보자마자 바로 결제했습니다 여기가 천풍이다,0.0
"제락, 탄소금",fraud_,20,11,10.0,2024-01-05 01:48:37,1608692.0,사기 결연 신고합니다,1화,어묵머묵,미쳐따 사기결연왓다 미쳐따 달려,0.0
"제락, 탄소금",fraud_,20,11,11.0,2024-01-05 01:43:52,1608684.0,사기 결연 신고합니다,,어묵머묵,뭐야ㅠ미쳣나 이게 웹툰화가댓다고?!,0.0
"제락, 탄소금",fraud_,20,11,12.0,2024-01-05 00:45:54,1608641.0,사기 결연 신고합니다,1화,웅앙,나는 겜벨에 진심이다 / 겜벨에 죽고 겜벨에 산다 / 존나 싸우다가 존나 사랑하는 얘들 보고 싶다 > 추천 드립니다......,0.0
"제락, 탄소금",fraud_,20,11,13.0,2024-01-04 21:17:04,1608253.0,사기 결연 신고합니다,3화,쫑쫑,아 이 장면 너무 궁금했는데 ㅋㅋㅋㅋㅋㅋㅋㅋㅋㅋㅋ,0.0
"제락, 탄소금",fraud_,20,11,14.0,2024-01-04 18:29:49,1608199.0,사기 결연 신고합니다,1화,시안,"아 겜벨들 웹툰화되는거 대환영
어서옵쇼~!!! 원작소설  넘 재밌게 읽었습니다",0.0
"제락, 탄소금",fraud_,20,11,15.0,2024-01-04 17:27:33,1608177.0,사기 결연 신고합니다,1화,TEINENE,마지막에 진지해진 소라니 웃기네ㅋㅋㄱ,0.0
"제락, 탄소금",fraud_,20,11,16.0,2024-01-04 14:24:32,1608115.0,사기 결연 신고합니다,3화,호로록,재밌어용!!!,0.0
"제락, 탄소금",fraud_,20,11,17.0,2024-01-04 13:25:32,1608100.0,사기 결연 신고합니다,6화,비엘보는개구리,귀여워요 ㅠㅠㅠㅠ,0.0
"제락, 탄소금",fraud_,20,11,18.0,2024-01-04 12:47:18,1608091.0,사기 결연 신고합니다,3화,나람,개고생 한 결과가ㅋㅋㅋㅋ이런거여서 웃겼음ㄲㄱㅋㅋㅋㄱ,0.0
"제락, 탄소금",fraud_,20,11,19.0,2024-01-04 12:36:15,1608089.0,사기 결연 신고합니다,1화,나람,,0.0
"제락, 탄소금",fraud_,20,11,0.0,2024-01-04 12:21:48,1608082.0,사기 결연 신고합니다,3화,비엘보는개구리,ㅋㅋㅋㅋㅋㅋㅋ 얼렁뚱땅 코 꿰임 ㅋㅋㅋㅋ,0.0
"제락, 탄소금",fraud_,20,11,1.0,2024-01-04 11:52:55,1608076.0,사기 결연 신고합니다,5화,a루프a,ㅋㅋㅋㅋㅋ이펙트 너무 귀엽다,0.0
"제락, 탄소금",fraud_,20,11,2.0,2024-01-04 11:32:18,1608069.0,사기 결연 신고합니다,1화,a루프a,와 이 작품을 웹툰으로 보게 되다니 ㅠㅠ 감사합니다 감사합니다♥️ 오늘부터 나도 천풍 유저….,0.0
"제락, 탄소금",fraud_,20,11,3.0,2024-01-04 11:27:22,1608068.0,사기 결연 신고합니다,,봄툰러0dc8b5,"원작 진짜 존잼..
근데 저 가면 생각보다 오래 쓰고 다니는데 웹툰도 그러려나ㅜㅜ",0.0
"제락, 탄소금",fraud_,20,11,4.0,2024-01-04 09:24:11,1608039.0,사기 결연 신고합니다,1화,BD,아니모야 !이게웹툰화대네,0.0
"제락, 탄소금",fraud_,20,11,5.0,2024-01-04 03:14:15,1607941.0,사기 결연 신고합니다,,이건말도않되,다음화 제발 기다리기가힘들다...웹소 다시 보러가야겠다,0.0
"제락, 탄소금",fraud_,20,11,6.0,2024-01-04 03:11:41,1607938.0,사기 결연 신고합니다,1화,도토리,아악 무진아!!!!!!!! 사랑한다!!!!,0.0
"제락, 탄소금",fraud_,20,11,7.0,2024-01-04 01:48:52,1607866.0,사기 결연 신고합니다,3화,단팥,,0.0
"제락, 탄소금",fraud_,20,11,8.0,2024-01-04 01:19:51,1607825.0,사기 결연 신고합니다,5화,령,여기 아메리카노랑 티키타카 하는 부분 원작에서 너무 좋아해요... 웹툰도 잘 그려주셔서 행복해요 감사합니다,0.0
"제락, 탄소금",fraud_,20,11,9.0,2024-01-03 23:53:55,1607705.0,사기 결연 신고합니다,,봄툰러3a3b0d,웹툰 너무 잘 나와서 행복합니다..,0.0
"제락, 탄소금",fraud_,20,11,10.0,2024-01-03 23:37:30,1607675.0,사기 결연 신고합니다,1화,봄툰러513add,아니 축장군 은근 잘생겼어ㅋㅋㅋ소인데,0.0
"제락, 탄소금",fraud_,20,11,11.0,2024-01-03 22:29:09,1607489.0,사기 결연 신고합니다,,Melocoton,와 이게 웹툰으로 나오네 천풍 1호 커플 등장~~~,0.0
"제락, 탄소금",fraud_,15,11,12.0,2024-01-03 21:18:03,1607221.0,사기 결연 신고합니다,,수냐,"천풍이라니..천풍을 제눈으로 볼수있어서 기뻐요.
겜창이라면 사결봅시다.
자흔무진 사랑합시다.",0.0
"제락, 탄소금",fraud_,15,11,13.0,2024-01-03 21:09:16,1607211.0,사기 결연 신고합니다,1화,70,드디어 사결 웹툰!!!! 리무진 커마 너무 좋아요 착한 커마에 그렇지 못한 표정들ㅋㅋㅋㅋ💖,0.0
"제락, 탄소금",fraud_,15,11,14.0,2024-01-03 21:05:28,1607210.0,사기 결연 신고합니다,1화,일짱,"정말 너무너무너무 기다렸습니다 표정 휙휙바뀌는 무진이 정말 귀여워요ㅜㅜ
작가님 최고!!!",0.0
"제락, 탄소금",fraud_,15,11,0.0,2024-01-18 19:17:53,1620750.0,애 아빠가 누군지 나도 모릅니다,15화,봄툰러02edff,그냥 루스티나가 회귀했다고 하면 안도ㅑ나?? 그럼 여주가 루스티나 말 더 잘 들을텐데,0.0
"제락, 탄소금",fraud_,15,11,1.0,2024-01-16 14:29:36,1618673.0,애 아빠가 누군지 나도 모릅니다,13화,봄툰러02edff,티나도 환생잔가본데??,0.0
"제락, 탄소금",fraud_,15,11,2.0,2023-12-29 19:04:54,1602508.0,애 아빠가 누군지 나도 모릅니다,6화,A,출산 2주 전이면 만삭의 몸으로 밖을 돌아다녔다는 건데... 모습이 배도 안 불러 보이고... 4명중 임신했던 사실을 아무도 모르니.. 2주 전에 만난건 저 4명 중에 있지는 않은 것 같고..단순한 설정오류인가.. 내가 너무 깊게 생각하는건가....;;,0.0
"제락, 탄소금",fraud_,15,11,0.0,2024-02-14 17:38:28,1649431.0,어머니에게 복수하려 용과 계약했습니다,,King,"老弟们我要卡成人机..
这个好看吗 画风很戳我呀！！",1.0
"제락, 탄소금",fraud_,15,11,1.0,2024-02-08 05:38:27,1640131.0,어머니에게 복수하려 용과 계약했습니다,3화,허브,왐마..! 잘생기고 이쁜 황금색 눈동자를 가진 청년이 첨 만난 아이를 탐내네?! 기절합니다..어쩜 내가 좋아죽어..,0.0
"제락, 탄소금",fraud_,15,11,0.0,2023-11-17 20:45:18,1370785.0,달을 그리는 연금술사,2화,봄툰러1d58eb,"이번꺼도 댓글 남겨드립니당~:)
재미있어요ㅋㅋㅋ
",2.0
"제락, 탄소금",fraud_,15,11,1.0,2023-11-12 15:14:54,1366223.0,달을 그리는 연금술사,10화,봄툰러fc5c11,그림도 너무 이쁘고 전개도 재밌고 연출도 거슬리는데 하나없이 술술 읽히네요 넘넘 재밌다 간만에 취향저격 웹툰이ㅜㅠ 원작도 읽어보고싶네요,2.0
"제락, 탄소금",fraud_,15,11,2.0,2023-11-08 22:17:14,1363528.0,달을 그리는 연금술사,,논디,으흐흐흐 너뭊 재미있습니당,2.0
"제락, 탄소금",fraud_,15,11,3.0,2024-01-24 01:21:50,1626733.0,달을 그리는 연금술사,20화,봄툰러a68a39,,1.0
"제락, 탄소금",fraud_,15,11,4.0,2024-01-18 06:24:18,1620470.0,달을 그리는 연금술사,2화,˚₊· ͟͟͞͞➳❥,개웃기네 미인계인가 ㅋㅎㅋㅎㅋㅎㅋㅎ,1.0
"제락, 탄소금",fraud_,15,11,5.0,2023-12-14 23:15:22,1589502.0,달을 그리는 연금술사,15화,신이나,"감자 깎는 귀족 등⭐️판 ㅋㅋㅋㅋㅋㅋㅋㅋ
울 햇살천재아가 얼른 사랑 많이 받았으면...ㅠㅠㅠ 넘 재밌어요",1.0
"제락, 탄소금",fraud_,15,11,6.0,2023-11-24 10:59:29,1509256.0,달을 그리는 연금술사,9화,피요,아너무웃기네진짜 ㅠ원작도 좋아하는데 만화로 보니까 더 좋네요 ㅠㅠ,1.0
"제락, 탄소금",fraud_,15,11,7.0,2023-11-17 20:42:48,1370784.0,달을 그리는 연금술사,1화,봄툰러1d58eb,옼 재미있어요ㅋㅋ BL은 보기 좀 그런데 이건 괞찮은거 같아요ㅎㅋ 아무튼 제가 1빠ㅎㅎ,1.0
"구름에 숨은 달, 스푼코믹스",whospapa,3,1,8.0,2023-11-12 15:13:08,1366222.0,달을 그리는 연금술사,10화,봄툰러fc5c11,크앗 너무 재밌어요,1.0
"구름에 숨은 달, 스푼코믹스",whospapa,3,1,9.0,2023-11-12 01:03:30,1366034.0,달을 그리는 연금술사,7화,레화로블 시퀄 기원,무기도 없는데 뭘 믿고 저러나 했더니,1.0
"구름에 숨은 달, 스푼코믹스",whospapa,3,1,10.0,2024-03-14 01:11:16,1676685.0,달을 그리는 연금술사,1화,봄툰러685cef,"09화 ( =개정판 09화에서 컷 추가 )
14화 ( =개정판 14화에서 컷 추가 )
18화 ( =개정판 18화에서 컷 추가 )
19화 ( =개정판 19화에서 컷 추가 )
24화 ( =개정판 24화에서 컷 추가 )
26화 ( =개정판 26화에서 컷 추가 )",0.0
"구름에 숨은 달, 스푼코믹스",whospapa,3,1,11.0,2024-03-06 23:30:34,1670262.0,달을 그리는 연금술사,9화,봄툰러685cef,"혹시나 전연령가 사시고 완전판 어디가 다른지 확인 필요하신분 있을까봐 달아둡니다 9화가 다릅니다,,, ",0.0
"MIDNIGHT STUDIO, 진원",revenge_mother,2,1,12.0,2024-02-28 22:15:42,1664694.0,달을 그리는 연금술사,26화,봄툰러ca3000,뭘 자꾸 벗으란거야ㅋㅋㅋㅋㅋㅋㅋㅋㅋ,0.0
"MIDNIGHT STUDIO, 진원",revenge_mother,2,1,13.0,2024-02-14 23:06:57,1649979.0,달을 그리는 연금술사,24화,봄툰러ca3000,아 왜~,0.0
"MIDNIGHT STUDIO, 진원",revenge_mother,2,1,14.0,2024-02-11 01:39:17,1642618.0,달을 그리는 연금술사,23화,신이나,넘 재밌다 .....,0.0
"동전반지, 정찬, ZAL",alchemist1,19,1,15.0,2024-01-24 00:50:55,1626710.0,달을 그리는 연금술사,2화,봄툰러a68a39,아 개웃겨,0.0
"동전반지, 정찬, ZAL",alchemist1,19,1,16.0,2023-12-15 00:28:58,1589643.0,달을 그리는 연금술사,15화,봄툰러fc5c11,재밌는데 왜이렇게 보는 사람이 적을까요 아쉽네여,0.0
"동전반지, 정찬, ZAL",alchemist1,19,1,17.0,2023-11-24 10:59:04,1509255.0,달을 그리는 연금술사,9화,피요,,0.0
"동전반지, 정찬, ZAL",alchemist1,19,1,18.0,2023-11-11 02:54:22,1365520.0,달을 그리는 연금술사,5화,하루살이,자꾸 큰소리 치네 나여기있어라고 ;. 알려주네 ㅈㄴ허술하네,0.0
"동전반지, 정찬, ZAL",alchemist1,19,1,0.0,2024-03-07 06:00:14,1670569.0,여주 엄마와 남주 아빠가 결혼했다,17화,-,아 질투하는 이 나쁜남자 최고다 하 날 봄툰유입으로 만들다니 ,3.0
"동전반지, 정찬, ZAL",alchemist1,19,1,1.0,2024-03-07 05:56:54,1670565.0,여주 엄마와 남주 아빠가 결혼했다,16화,-,고맙다 ㅋㅋㅋㅋ 뭐냐고,1.0
"동전반지, 정찬, ZAL",alchemist1,19,1,0.0,2023-12-30 23:34:35,1603863.0,갑자기 남편과 자식이 생겨버렸습니다,12화,닉넴할거업써,저번화부터 국왕이 좀 의심스러운데.. 미래의 여주는 이걸 다 알고 혼자 조사중이었던거 아닐까? 그리고 자신을 감시하는 세력같은게 있어서 남편한테 애정없는 척 하면서 애들은 온실에서만 놀게 했던거고. 최근 어떤 계기로 신변에 더 큰 위험을 느껴서 아예 이혼하고 국외로 이민시키려고 했던 것 같음.,1.0
"동전반지, 정찬, ZAL",alchemist1,19,1,1.0,2023-12-30 14:08:38,1603545.0,갑자기 남편과 자식이 생겨버렸습니다,6화,맘,몸의대화부터 하는 대화방식 난 나쁘지않다고생각해,0.0
"동전반지, 정찬, ZAL",alchemist1,19,1,0.0,2022-09-16 22:27:22,979042.0,연애하고 싶어,4화,유이 류리,꿀젬 ㄹㅇㅋㅋ,1.0
"동전반지, 정찬, ZAL",alchemist1,19,1,1.0,2022-09-17 13:47:50,979661.0,연애하고 싶어,,제가왜여,쭝국 묻었네,0.0
"동전반지, 정찬, ZAL",alchemist1,19,1,0.0,2024-02-22 13:24:01,1658960.0,프리퀄 로맨스 (개정판),19화,Titi,ㅈ작가님 왜이러세요심장마비올것같아요 ..............,1.0
"동전반지, 정찬, ZAL",alchemist1,19,1,0.0,2023-01-30 00:35:32,1120779.0,이런 왕녀로 살 바엔 다시 환생할래,12화,지니,그치......현대에서 왔으면....불편하지...(끄덕끄덕),0.0
"동전반지, 정찬, ZAL",alchemist1,19,1,1.0,2023-01-30 00:23:46,1120757.0,이런 왕녀로 살 바엔 다시 환생할래,8화,지니,,0.0
"동전반지, 정찬, ZAL",alchemist1,19,1,,,,,,,,
"동전반지, 정찬, ZAL",alchemist1,19,1,,,,,,,,
"동전반지, 정찬, ZAL",alchemist1,19,1,,,,,,,,
"동전반지, 정찬, ZAL",alchemist1,19,1,,,,,,,,
"동전반지, 정찬, ZAL",alchemist1,19,1,,,,,,,,
"동전반지, 정찬, ZAL",alchemist1,19,1,,,,,,,,
"동전반지, 정찬, ZAL",alchemist1,19,1,,,,,,,,
"초코냥이, WIO",yeonam23,2,1,,,,,,,,
"초코냥이, WIO",yeonam23,2,1,,,,,,,,
"초코냥이, WIO",yeonam23,2,1,,,,,,,,
"49, 듀와, 신양이",sudden_husband,2,1,,,,,,,,
"49, 듀와, 신양이",sudden_husband,2,1,,,,,,,,
"49, 듀와, 신양이",sudden_husband,2,1,,,,,,,,
허안,wannalove,2,1,,,,,,,,
허안,wannalove,2,1,,,,,,,,
허안,wannalove,2,1,,,,,,,,
"해저500M, 은비",prequel_romance15,1,1,,,,,,,,
"해저500M, 은비",prequel_romance15,1,1,,,,,,,,
"아마미야 마리, 샤본, 아토노스케",better_RE,2,1,,,,,,,,
"아마미야 마리, 샤본, 아토노스케",better_RE,2,1,,,,,,,,
"아마미야 마리, 샤본, 아토노스케",better_RE,2,1,,,,,,,,
